{"train":[{"input":[[1,0,0,0,0],[1,1,0,0,0],[1,1,1,0,0],[1,1,1,1,0],[1,1,1,1,1]],"output":[[1,1,1]]},{"input":[[2,2,2,2,2],[2,2,2,2,0],[2,2,2,0,0],[2,2,0,0,0],[2,0,0,0,0]],"output":[[2,2,2]]},{"input":[[4,4,4,4,4,4,4,4,4],[0,4,4,4,4,4,4,4,4],[0,0,4,4,4,4,4,4,4],[0,0,0,4,4,4,4,4,4],[0,0,0,0,4,4,4,4,4],[0,0,0,0,0,4,4,4,4],[0,0,0,0,0,0,4,4,4],[0,0,0,0,0,0,0,4,4],[0,0,0,0,0,0,0,0,4]],"output":[[4,4,4,4,4]]}],"test":[{"input":[[6,0,0],[6,6,0],[6,6,6]],"output":[[6,6]]},{"input":[[5,5,5,5,5],[0,0,0,0,0],[5,5,5,5,0],[0,0,0,0,0],[5,5,5,0,0],[0,0,0,0,0],[5,5,0,0,0],[0,0,0,0,0],[5,0,0,0,0]],"output":[[5,5,5]]},{"input":[[5,5,5,5,5,5,5,5,5,5],[5,5,5,5,5,0,0,0,0,0],[5,0,0,0,0,0,0,0,0,0]],"output":[[5,5,5,5,5]]}]}